[
  {
    "name"    : "Blendle",
    "country" : "Nederland",
    "category": "Journalistiek",
    "logo"    : "blendle.svg",
    "image"   : "kitten.jpg",
    "id"      : "blendle",
    "content" : "<p>Integer posuere erat a ante venenatis dapibus posuere velit aliquet. Nullam id dolor id nibh ultricies vehicula ut id elit. Aenean eu leo quam. Pellentesque ornare sem lacinia quam venenatis vestibulum. Fusce dapibus, tellus ac cursus commodo, tortor mauris condimentum nibh, ut fermentum massa justo sit amet risus. Donec id elit non mi porta gravida at eget metus.</p><p>Sed posuere consectetur est at lobortis. Cras mattis consectetur purus sit amet fermentum. Cras mattis consectetur purus sit amet fermentum. Donec sed odio dui.</p>"
  },
  {
    "name"    : "Spotify",
    "country" : "Zweden",
    "category": "Muziek",
    "logo"    : "spotify.svg",
    "image"   : "kitten.jpg",
    "id"      : "spotify",
    "content" : "<p>Cras justo odio, dapibus ac facilisis in, egestas eget quam. Vestibulum id ligula porta felis euismod semper. Cras mattis consectetur purus sit amet fermentum. Vestibulum id ligula porta felis euismod semper. Sed posuere consectetur est at lobortis. Vivamus sagittis lacus vel augue laoreet rutrum faucibus dolor auctor. Sed posuere consectetur est at lobortis.</p><p>Donec id elit non mi porta gravida at eget metus. Integer posuere erat a ante venenatis dapibus posuere velit aliquet. Lorem ipsum dolor sit amet, consectetur adipiscing elit. Maecenas sed diam eget risus varius blandit sit amet non magna.</p>"
  },
  {
    "name"    : "Spaanse startup",
    "country" : "Spanje",
    "category": "Muziek",
    "logo"    : "spotify.svg",
    "image"   : "kitten.jpg",
    "id"      : "spaansestartup",
    "content" : "<p>Cras justo odio, dapibus ac facilisis in, egestas eget quam. Vestibulum id ligula porta felis euismod semper. Cras mattis consectetur purus sit amet fermentum. Vestibulum id ligula porta felis euismod semper. Sed posuere consectetur est at lobortis. Vivamus sagittis lacus vel augue laoreet rutrum faucibus dolor auctor. Sed posuere consectetur est at lobortis.</p><p>Donec id elit non mi porta gravida at eget metus. Integer posuere erat a ante venenatis dapibus posuere velit aliquet. Lorem ipsum dolor sit amet, consectetur adipiscing elit. Maecenas sed diam eget risus varius blandit sit amet non magna.</p>"
  }
]